-- MariaDB dump 10.19  Distrib 10.4.18-MariaDB, for Win64 (AMD64)
--
-- Host: localhost    Database: octodb
-- ------------------------------------------------------
-- Server version	10.4.18-MariaDB

/*!40101 SET @OLD_CHARACTER_SET_CLIENT=@@CHARACTER_SET_CLIENT */;
/*!40101 SET @OLD_CHARACTER_SET_RESULTS=@@CHARACTER_SET_RESULTS */;
/*!40101 SET @OLD_COLLATION_CONNECTION=@@COLLATION_CONNECTION */;
/*!40101 SET NAMES utf8mb4 */;
/*!40103 SET @OLD_TIME_ZONE=@@TIME_ZONE */;
/*!40103 SET TIME_ZONE='+00:00' */;
/*!40014 SET @OLD_UNIQUE_CHECKS=@@UNIQUE_CHECKS, UNIQUE_CHECKS=0 */;
/*!40014 SET @OLD_FOREIGN_KEY_CHECKS=@@FOREIGN_KEY_CHECKS, FOREIGN_KEY_CHECKS=0 */;
/*!40101 SET @OLD_SQL_MODE=@@SQL_MODE, SQL_MODE='NO_AUTO_VALUE_ON_ZERO' */;
/*!40111 SET @OLD_SQL_NOTES=@@SQL_NOTES, SQL_NOTES=0 */;

--
-- Table structure for table `pregunta`
--

DROP TABLE IF EXISTS `pregunta`;
/*!40101 SET @saved_cs_client     = @@character_set_client */;
/*!40101 SET character_set_client = utf8 */;
CREATE TABLE `pregunta` (
  `id_pregunta` int(11) NOT NULL AUTO_INCREMENT,
  `id_tema` int(11) NOT NULL,
  `pregunta` text NOT NULL,
  PRIMARY KEY (`id_pregunta`),
  KEY `id_tema` (`id_tema`),
  CONSTRAINT `pregunta_ibfk_1` FOREIGN KEY (`id_tema`) REFERENCES `tema` (`id_tema`)
) ENGINE=InnoDB AUTO_INCREMENT=241 DEFAULT CHARSET=utf8mb4;
/*!40101 SET character_set_client = @saved_cs_client */;

--
-- Dumping data for table `pregunta`
--

LOCK TABLES `pregunta` WRITE;
/*!40000 ALTER TABLE `pregunta` DISABLE KEYS */;
INSERT INTO `pregunta` VALUES (1,1,'El conjunto completo de todos los elementos que se someten a estudio se conoce como:\r'),(2,1,'Al subconjunto de miembros seleccionados que se someten a un estudio estadístico se le conoce como:\r'),(3,1,'Los datos numéricos que puede tomar una cantidad incontable de valores entre dos números se denominan como:\r'),(4,1,'El valor estadístico de promedio es llamado también\r'),(5,1,'Computadoras que se caracterizan por ejecutar cálculos complejos y científicos:\r'),(6,1,'Computadoras utilizadas frecuentemente en bancos que procesan grandes volúmenes de información:\r'),(7,1,'Computadoras que se basan en la realización de cálculos:\r'),(8,1,'¿En qué se caracteriza un sistema operativo multitarea?\r'),(9,1,'¿Cómo se define el software?\r'),(10,1,'Son ejemplos de sistemas operativos\r'),(11,1,'Son ejemplos de lenguajes de programación\r'),(12,1,'¿Cuántos bits conforman un byte?\r'),(13,1,'¿Bajo qué sistema numérico trabaja una computadora?\r'),(14,1,'¿Qué significan en español las siglas del código ASCII?\r'),(15,1,'¿En qué términos se mide el tamaño de almacenamiento de una computadora?\r'),(16,1,'¿Cómo se le llama al software que se debe utilzar para verificar si su computadora tiene algún tipo de infección?\r'),(17,1,'¿Cómo se le llama al software que puede espiar las actividades o dañar la computadora de un usuario?\r'),(18,1,'Computadoras que se basan en la medición:\r'),(19,1,'Las partes más importantes de un equipo de cómputo son:\r'),(20,1,'Las partes más importantes de un dispositivo móvil son:\r'),(21,1,'Son elementos que integran un microprocesador:\r'),(22,1,'Los periféricos únicamente de entrada de una computadora son:\r'),(23,1,'¿Cómo se define el hardware?\r'),(24,1,'La unidad de medida Hz (herzios) se emplea para:\r'),(25,1,'Programas que sirven para procesar la información de un equipo de cómputo o dispositivo móvil:\r'),(26,1,'¿Cuál es la diferencia entre un procedimiento y una función?\r'),(27,1,'¿Cuál de las siguientes definiciones de subrutinas en lenguaje C, no regresa ningún valor?\r'),(28,1,'¿Cuál ámbito de variable conserva su valor independientemente de la subrutina en la que se utilice?\r'),(29,1,'Paradigma y tipo de programación que divide un programa en procedimientos y funciones, además, hace uso de estructuras de control:\r'),(30,1,'¿A qué tipo de paradigma y estilo de programación pertenece Python?\r'),(31,1,'¿Cuál es la codificación correcta en lenguaje C para declarar la variable que almacene el promedio?\r'),(32,1,'¿Cómo se puede distinguir en una computadora a que generación pertenece?\r'),(33,1,'En la generación uno de las computadoras, ¿cómo se programaba?\r'),(34,1,' ¿Qué factor o factores pueden causar el aumento de datos en un archivo?\r'),(35,1,'Al malware que se instala por copia de archivos en tu equipo se le llama:\r'),(36,1,'¿A qué partes de una computadora puede afectar un malware?\r'),(37,1,'Es un tipo de computadora de tamaño pequeño con capacidades de procesamiento, con conexión a internet, memoria interna y su característica es la movilidad.\r'),(38,1,'La memoria RAM se caracteríza por:\r'),(39,1,'¿Qué función realiza la tarjeta madre?\r'),(40,1,'¿Qué componentes esenciales tiene un sistema operativo?\r'),(41,2,'¿Cuál presidente firmó el TLCAN?\r'),(42,2,'Nombre de la primera capa de la atmósfera\r'),(43,2,'Nombre de una depresión de la superficie terrestre entre dos vertientes, con forma inclinada y alargada.\r'),(44,2,'A la envoltura rocosa que constituye la corteza exterior sólida terrestre, se le denomina\r'),(45,2,'Según la clasificación de Köppen de los climas del mundo, ¿qué tipo de climas están marcados con la letra “C”?\r'),(46,2,'La soberanía nacional insular es aquella que se ejerce en:\r'),(47,2,'¿Cuántos meridianos existen?\r'),(48,2,'Nombre de las lineas imaginarias que dividen al planeta del norte al sur\r'),(49,2,'Nombre del mapa que contiene todas lad fuentes acuiferas de una zona\r'),(50,2,'ue México conserve diferentes tipos de dialectos indígenas, costumbres y tradiciones es un ejemplo de:\r'),(51,2,'México tiene la mayor parte del territorio nacional en la placa denominada:\r'),(52,2,'En el ciclo del agua, cuando esta se evapora y sube, se condensa en la:\r'),(53,2,'Los océanos rodean a los continentes y están en contacto con ellos en las zonas denominadas:\r'),(54,2,'La estructura interna de la Tierra se compone por:\r'),(55,2,'Son los ríos más largos de México:\r'),(56,2,'Consecuencia del desplazamiento de la placa de Cocos debajo de la placa de Norteamérica:\r'),(57,2,'La crianza de _____________ es la principal actividad ganadera en nuestro país.\r'),(58,2,'Principales minerales que produce nuestro país:\r'),(59,2,'Resultado de un excedente de nacimientos respecto a las defunciones:\r'),(60,2,'En la escala de un mapa, el numerador representa la superficie en _____________ y el denominador _________________.\r'),(61,2,'El INEGI es un organismo autónomo encargado de realizar censos nacionales y elaborar índices nacionales de precios al consumidor y productor. Lo anterior deja claro que el INEGI es una fuente de información geográfica:\r'),(62,2,'Son los tres estados que más emigran a Estados Unidos:\r'),(63,2,'Capa de la tierra compuesta por una parte de la litosfera, hidrósfera y atmósfera donde se desarrollan los seres vivos:\r'),(64,2,'Estados más propensos a padecer inundaciones:\r'),(65,2,'La religión con más seguidores en el mundo es:\r'),(66,2,'Son algunos volcanes activos de nuestro país:\r'),(67,2,'Los principales productos pesqueros de México son:\r'),(68,2,'A la disminución de la temperatura al aumentar la altitud se le conoce com\r'),(69,2,'Región natural en que los suelos están cubiertos de nieve, con vegetación escasa y árboles pequeños\r'),(70,2,'El número de habitantes por kilómetro cuadrado recibe el nombre de población\r'),(71,2,'La atracción de la luna sobre la tierra origina:\r'),(72,2,'Cuando en el hemisferio norte es verano, la estación en el hemisferio sur e\r'),(73,2,'El meridiano a partir del cual se establecen los husos horarios e\r'),(74,2,'Capa de la Tierra constituida por basalto\r'),(75,2,'El clima de Gran Bretaña está influido por la corriente\r'),(76,2,'Parte del curso de un río en donde se presentan cascadas y cañones\r'),(77,2,'La distancia angular de cualquier localidad respecto del Ecuador se llama\r'),(78,2,'Es la relación que existe entre el tamaño real y lo que queremos representar en una carta geográfica\r'),(79,2,'Capa de la Tierra constituida por níquel y hierro en estado líquido\r'),(80,2,'Un ejemplo de roca caliza sometida a metamorfismo es\r'),(81,3,'Ley que es axiológica ya que siempre postula, implícitamente o explícitamente un valor.\r'),(82,3,'Normas que son creadas e impuestas por el Estado, para regular la conducta humana dentro de una sociedad, son obligatorias y su complimiento puede ser a la fuerza.\r'),(83,3,'Característica de las Normas que consiste en que impone deberes u obligaciones, pero también concede derechos.\r'),(84,3,'Son el conjunto de Normas, que son observadas y cumplidas en tiempo, forma y circunstancias establecidas por la Ley.\r'),(85,3,'El proceso de creación de las Normas Jurídicas en el que intervienen los Poderes Legislativos y el Ejecutivo, ya sean Locales o Federales, es una fuente:\r'),(86,3,'Es la Ley Suprema que rige la vida jurídica y política de un país, no debe haber Norma alguna o acto de autoridad que la contradiga.\r'),(87,3,'Se consideran elementos del estado:\r'),(88,3,'Es el elemento geográfico del estado:\r'),(89,3,'Es el elemento del estado que refiere al número de habitantes en un territorio:\r'),(90,3,'Es el elemento constituido por autoridades que administran el estado:\r'),(91,3,'Es el ordenamiento jurídico que tiene carácter obligatorio y que, en caso de incumplimiento, se aplica una sanción o se obliga cumplirla por la fuerza.\r'),(92,3,'Característica de las leyes consistente en que estas se les pueden aplicar a todas las personas que se encuentren en el territorio nacional.\r'),(93,3,'Es el acuerdo de voluntades celebrado entre dos o más Estados (países) sobre un tema de interés común.\r'),(94,3,'Es la clasificación de las fuentes del Derecho:\r'),(95,3,'Son las Etapas del Proceso Legislativo:\r'),(96,3,'Es el conjunto de normas jurídicas emanadas del poder soberano del Estado, que regulan efectivamente la vida de un pueblo en determinado momento histórico, es decir, en una época determinada, aun en el caso de que haya dejado de estar vigente por haber sido abrogadas o derogadas:\r'),(97,3,'Los fines del Derecho son:\r'),(98,3,'La Axiología Jurídica estudia:\r'),(99,3,'¿Cuál es la Rama del Derecho que regula las relaciones entre particulares?\r'),(100,3,'¿Cómo se denomina la principal característica de los Juicios Orales?\r'),(101,3,'¿Cuál es el nombre que suplirá a las demarcaciones llamadas Delegaciones Políticas?\r'),(102,3,'¿Cuáles son las partes en que se divide la Constitución?\r'),(103,3,'¿Cuál es la Rama del Derecho que trata del manejo de los ingresos, de la mejora a los servicios públicos para los particulares, apoyándose en diferentes órganos como los centralizados, entre otros?\r'),(104,3,'El nuevo Sistema de Justicia Penal, conforme al artículo 20 Constitucional se aplica en:\r'),(105,3,'Una denuncia de hechos ante el Ministerio público o fiscal, tiene la característica de:\r'),(106,3,'Es la Rama del Derecho que trata el tema de organismos, su objetivo y funcionamiento como; la UNESCO, OIT, OMS, FMI, FAO, entre otros:\r'),(107,3,'Corriente económica que incrementó la desigualdad de las clases sociales y motivo el surgimiento del derecho social.\r'),(108,3,'Son Ramas del Derecho Social.\r'),(109,3,'Es la máxima autoridad interna ejidal.\r'),(110,3,'Regula constitucionalmente las relaciones laborales entre los gobiernos federal, estatal y municipal y sus trabajadores.\r'),(111,3,'Es la jornada de trabajo que se desarrolla entre las 20 y las 6 horas.\r'),(112,3,'Garantía constitucional que prevé el derecho a una vivienda digna y decorosa a los mexicanos.\r'),(113,3,'Es la facultad para gobernarse así mismo, determinar sus planes y programas de estudio y el uso académico de su patrimonio.\r'),(114,3,'Son los sectores productivos en la vida económica de nuestro país:\r'),(115,3,'Atributo de las personas morales que consiste en el lugar donde se encuentra establecida la administración.\r'),(116,3,'Ante Que Autoridad Se Debe Celebrar El Matrimonio.\r'),(117,3,'Contrato Civil en el cual una persona transmite parte de sus bienes presentes o futuros de manera gratuita a otra persona.\r'),(118,3,'Característica De Los Títulos De Crédito que significa que el Título y el derecho se integran en un solo documento, quien posee el Título, posee el derecho.\r'),(119,3,'Al Título de Crédito en virtud del cual una persona llamada girador da una orden incondicional a otra llamada girado para que pague una suma de dinero a un tercero que se le denomina beneficiario, en el tiempo y lugar que se le indique, se le llama:\r'),(120,3,'Es un Título de crédito por medio del cual el suscriptor, llamado librador, da una orden incondicional a un banco, llamado librado, de pagar a la vista una suma de dinero determinada a cuenta de una provisión previamente establecida a una persona o a un tercero.\r'),(121,4,'En el cuento se emplean pocos personajes debido a:\r'),(122,4,'Es la estructura en la que se presenta la historia en un cuento:\r'),(123,4,'Se refiere al narrador que narra las acciones en las cuales participa:\r'),(124,4,'Las descripciones en el cuento o en cualquier texto literario narrativo se identifican a través de:\r'),(125,4,'Son los personajes que forman parte del lugar:\r'),(126,4,'El tiempo cronológico en el cuento se refiere a:\r'),(127,4,'Nombre del autor de \"Rayuela\"\r'),(128,4,'El teatro experimental critica la:\r'),(129,4,'Una técnica del teatro experimental es:\r'),(130,4,'La idea de que el público espectador forma parte del teatro y juntos conforman una unidad, forma parte de la:\r'),(131,4,'¿Cuál es la interacción que se lleva a cabo en la obra teatral?\r'),(132,4,'La idea de una relación verdaderamente viva entre el teatro y la realidad pertenece a la:\r'),(133,4,'El entorno que rodea a los personajes; ya sea real o ficticio, físico, psicológico o social, se refiere al _____________ de la narración.\r'),(134,4,'Ambiente de la narración que señala el lugar o sitio donde se desarrolla la narración:\r'),(135,4,'Nomre del poeta y monarca de Texcoco más importante:\r'),(136,4,'Un sinónimo de la palabra remanso es:\r'),(137,4,'Es quien describe el espacio en la narración, y tiene la importancia de complementar las acciones y características que envuelven a los personajes, con el propósito de conocerlos y comprenderlos mejor:\r'),(138,4,'La épica es un género literario que habla sobre:\r'),(139,4,'Las partes que integran el género épico se llaman:\r'),(140,4,'La intención comunicativa del texto literario es:\r'),(141,4,'En los libros sagrados siempre destaca un ser que:\r'),(142,4,'Quien presenta y organiza una historia es el:\r'),(143,4,'Un personaje es aquel que:\r'),(144,4,'La duración de las acciones de una historia se entiende como:\r'),(145,4,'La descripción de los lugares, tanto internos como externos corresponden al:\r'),(146,4,'Las relaciones que se establecen entre los personajes se conocen como el:\r'),(147,4,'Un sinónimo de la palabra felonía es:\r'),(148,4,'Un sinónimo de la palabra catacumba es:\r'),(149,4,'Un mito es un texto en donde se aprecian:\r'),(150,4,'En la leyenda los acontecimientos corresponden a:\r'),(151,4,'La cuna del teatro occidental es:\r'),(152,4,'Tanto la tragedia como la comedia surgen a partir de:\r'),(153,4,'¿Quíen es el autor del poema \"Altazor\"?\r'),(154,4,'Nombre del autor de la novela gótica \"Drácula\":\r'),(155,4,'¿Qué autor dió a conocer los Haikus en la literatura iberoamericana?\r'),(156,4,'Nombre del creador de los poemínimos:\r'),(157,4,'¿Qué autor creó las greguerías?\r'),(158,4,'Nombre del autor que inventó el lenguaje gíglico:\r'),(159,4,'NO es parte de un texto argumentativo:\r'),(160,4,'¿Quíen escribió \"La Iliada\" y \"La Odisea\"?\r'),(161,5,'¿En qué nivel de organización confluyen la materia viva y la no viva?\r'),(162,5,'La atmósfera de la Tierra primitiva por la ausencia de oxígeno se dice que tiene un carácter de tipo:\r'),(163,5,'Los elementos que se encuentran en la materia viva se llaman:\r'),(164,5,'Los elementos químicos se encuentran de manera natural formando:\r'),(165,5,'Es la sustancia química más abundante en la materia viva:\r'),(166,5,'Se refiere a la parte de la Tierra habitada por seres vivos, incluye a los componentes tanto vivos como ambientales:\r'),(167,5,'¿Quién demostró lo erróneo de la teoría de la generación espontánea?\r'),(168,5,'El carbohidrato que constituye una reserva de energía en las plantas se denomina:\r'),(169,5,'Polisacárido que constituye el exoesqueleto de los artrópodos:\r'),(170,5,'Son lípidos que están formados por tres moléculas de ácidos grasos y uno de glicerina:\r'),(171,5,'Son lípidos que forman parte de las membranas celulares\r'),(172,5,'Las biomoléculas que intervienen en el crecimiento y mantenimiento de las estructuras en los seres vivos se llaman:\r'),(173,5,'Las proteínas con actividad biocatalítica que favorecen las reacciones químicas son:\r'),(174,5,'La _______ transporta el oxígeno en la sangre.\r'),(175,5,'La función del ARN es:\r'),(176,5,'Base ausente en el ADN:\r'),(177,5,'¿Cuál fue el primer investigador en utilizar el nombre de “célula”?\r'),(178,5,'Se les atribuye la teoría celular:\r'),(179,5,'Organelos en cuyo interior se efectúa la respiración:\r'),(180,5,'Estructura que mantiene la forma y da rigidez a la célula vegetal:\r'),(181,5,'Estructura que presenta permeabilidad selectiva para el intercambio de sustancias\r'),(182,5,'Las cromátidas hermanas se dirigen a polos opuestos siendo jaladas por la fibra del huso mitótico durante la:\r'),(183,5,'Los gametos se originan por la división celular denominada:\r'),(184,5,'La meiosis origina células:\r'),(185,5,'Tejido que proporciona resistencia a las plantas:\r'),(186,5,'Tejido formado por las células denominadas neuronas:\r'),(187,5,'La respiración que realizan los anélidos a través de la piel se llama:\r'),(188,5,'El oxígeno penetra los tejidos de las plantas por estructuras llamadas:\r'),(189,5,'Las células que se encargan de transportar oxígeno a los tejidos y recoger dióxido de carbono se denominan:\r'),(190,5,'¿Cuáles son los tejidos de conducción en las plantas?\r'),(191,5,'El órgano que poseen las aves para almacenar alimento se le denomina:\r'),(192,5,'¿Por qué medio los organismos unicelulares pueden eliminar las sustancias de desecho?\r'),(193,5,'Son las sustancias segregadas en las glándulas y que actúan en sitios diferentes de donde son producidas: \r'),(194,5,'La función de las glándulas endocrinas consiste en:\r'),(195,5,'La hormona que mantiene bajos los niveles de concentración de glucosa en la sangre es:\r'),(196,5,'Forma de reproducción en la que no hay formación de gametos:\r'),(197,5,'Par de cromosomas en los que surge el Síndrome de Down:\r'),(198,5,'Son los tres grupos de carbohidratos o azúcares:\r'),(199,5,'El lugar en donde ocurre la segunda división meiótica en la ovogénesis es:\r'),(200,5,'¿Cuál de estas no es una función de las proteínas?\r'),(201,6,'Nombre de la primera cultura mesoamericana\r'),(202,6,'¿De que año a que año abarcó el periodo clásico de mesoamérica?\r'),(203,6,'¿Cuál de las siguientes culturas no pertenece al periodo clásico?\r'),(204,6,'Nombre del anarquista que asesinó al archiduque Francisco Fernando\r'),(205,6,'¿Durante cual celebración mexica los españoles encabezados por Pedro Alvarado realizaron una matanza en contra de los mexicas?\r'),(206,6,'Impulsó la constitución de Apatzingán en 1814\r'),(207,6,'Primer secretario de la SEP\r'),(208,6,'Líder de la Revolución China en 1949\r'),(209,6,'En que año entró en vigor la Constitución de los Estados Unidos de América\r'),(210,6,'Acontecimiento que marca el fin de la Primera guerra mundial\r'),(211,6,'¿En qué país el fascismo fue adoptado como sistema político?\r'),(212,6,'Fue el enfrentamiento no bélico entre los bloques capitalista y socialista después de la Segunda guerra mundial\r'),(213,6,'Tulum, Copal y Tikal, fueron ciudades importantes de la cultura:\r'),(214,6,'Documento que estableció las 3 garantías suscrito por Agustín de Iturbide y Vicente Guerrero en 1821\r'),(215,6,'Acontecimiento que marca la necesidad de abrir nuevas rutas comerciales entre Europa y Asia en el siglo XV\r'),(216,6,'Así se le conoce a la operación militar implementada por Francia, Estados Unidos y Gran Bretaña en contra de Irak con la intención de liberar el territorio de Kuwait.\r'),(217,6,'res zapotes, Laguna de los Cerros y La Venta, son las ciudades principales de esta cultura prehispánica\r'),(218,6,'Se llama así al periodo comprendido después del Segundo imperio mexicano y antes del Porfiriato.\r'),(219,6,'Plan mediante el cual Emiliano Zapata se declara en contra del gobierno de Francisco I. Madero en 1911.\r'),(220,6,'Año de la caída del Imperio romano en occidente\r'),(221,6,'Fecha en la que atacaron al castillo de Chapultepec\r'),(222,6,'Significado etimológico de Mesoamérica\r'),(223,6,'¿Qué batalla ganada por Francia y Reino Unido permitió detener el avance alemán en 1914?\r'),(224,6,'Año en el que Estados Unidos se incorporó a la primera Guerra Mundial\r'),(225,6,'Nombre del desarrollo secreto de la bomba atómica en Estados Unidos\r'),(226,6,'Guerra que tuvo lugar en el marco del conflicto árabe-israelí\r'),(227,6,'¿Cuál era el nombre del primer gobernante mexica que recibió el cargo de tlahtoani?\r'),(228,6,'¿Cómo se llamaba el virrey que fue destituido en 1808 por un grupo de comerciantes?\r'),(229,6,'Poeta que compuso el Himno Nacional Mexicano\r'),(230,6,'Ciudad a la que se exilió Porfirio Díaz\r'),(231,6,'¿Cómo se denomina a la organización social surgida tras las revoluciones de los siglos XVIII y XIX?\r'),(232,6,'País cuna de la Revolución Industrial\r'),(233,6,'Dinastía que comenzó a gobernar la corona española en el siglo XVIII\r'),(234,6,'Régimen político de Gran Bretaña en el siglo XVIII\r'),(235,6,'¿En qué consistió el Cisma de Oriente?:\r'),(236,6,'Previo a la conquista española, la región mesoamericana estaba bajo el dominio de una alianza formada por:\r'),(237,6,'¿Qué arquitecto y escultor español realizó la estatua ecuestre conocida como \"El caballito\" de Carlos IV en la Nueva España?\r'),(238,6,'¿Cuál de los siguientes modelos económicos fue instaurado a partir de la presidencia de Miguel de la Madrid?\r'),(239,6,'Hacia fines del siglo XIX, el movimiento obrero recibió una gran influencia de las corrientes de pensamiento:\r'),(240,6,'Lider en contra del movimiento del Apartheid');
/*!40000 ALTER TABLE `pregunta` ENABLE KEYS */;
UNLOCK TABLES;

--
-- Table structure for table `preguntahasrespuesta`
--

DROP TABLE IF EXISTS `preguntahasrespuesta`;
/*!40101 SET @saved_cs_client     = @@character_set_client */;
/*!40101 SET character_set_client = utf8 */;
CREATE TABLE `preguntahasrespuesta` (
  `id_phr` int(11) NOT NULL AUTO_INCREMENT,
  `id_pregunta` int(11) NOT NULL,
  `id_respuesta` int(11) NOT NULL,
  `correcta` tinyint(1) NOT NULL,
  PRIMARY KEY (`id_phr`),
  KEY `id_pregunta` (`id_pregunta`),
  KEY `id_respuesta` (`id_respuesta`),
  CONSTRAINT `preguntahasrespuesta_ibfk_1` FOREIGN KEY (`id_pregunta`) REFERENCES `pregunta` (`id_pregunta`),
  CONSTRAINT `preguntahasrespuesta_ibfk_2` FOREIGN KEY (`id_respuesta`) REFERENCES `respuesta` (`id_respuesta`)
) ENGINE=InnoDB AUTO_INCREMENT=961 DEFAULT CHARSET=utf8mb4;
/*!40101 SET character_set_client = @saved_cs_client */;

--
-- Dumping data for table `preguntahasrespuesta`
--

LOCK TABLES `preguntahasrespuesta` WRITE;
/*!40000 ALTER TABLE `preguntahasrespuesta` DISABLE KEYS */;
INSERT INTO `preguntahasrespuesta` VALUES (1,1,1,1),(2,2,2,1),(3,3,3,1),(4,4,4,1),(5,5,5,1),(6,6,6,1),(7,7,7,1),(8,8,8,1),(9,9,9,1),(10,10,10,1),(11,11,11,1),(12,12,12,1),(13,13,13,1),(14,14,14,1),(15,15,15,1),(16,16,16,1),(17,17,17,1),(18,18,18,1),(19,19,19,1),(20,20,20,1),(21,21,21,1),(22,22,22,1),(23,23,23,1),(24,24,24,1),(25,25,25,1),(26,26,26,1),(27,27,27,1),(28,28,28,1),(29,29,29,1),(30,30,30,1),(31,31,31,1),(32,32,32,1),(33,33,33,1),(34,34,34,1),(35,35,35,1),(36,36,36,1),(37,37,37,1),(38,38,38,1),(39,39,39,1),(40,40,40,1),(41,41,41,1),(42,42,42,1),(43,43,43,1),(44,44,44,1),(45,45,45,1),(46,46,46,1),(47,47,47,1),(48,48,48,1),(49,49,49,1),(50,50,50,1),(51,51,51,1),(52,52,52,1),(53,53,53,1),(54,54,54,1),(55,55,55,1),(56,56,56,1),(57,57,57,1),(58,58,58,1),(59,59,59,1),(60,60,60,1),(61,61,61,1),(62,62,62,1),(63,63,63,1),(64,64,64,1),(65,65,65,1),(66,66,66,1),(67,67,67,1),(68,68,68,1),(69,69,69,1),(70,70,70,1),(71,71,71,1),(72,72,72,1),(73,73,73,1),(74,74,74,1),(75,75,75,1),(76,76,76,1),(77,77,77,1),(78,78,78,1),(79,79,79,1),(80,80,80,1),(81,81,81,1),(82,82,82,1),(83,83,83,1),(84,84,84,1),(85,85,85,1),(86,86,86,1),(87,87,87,1),(88,88,88,1),(89,89,89,1),(90,90,90,1),(91,91,91,1),(92,92,92,1),(93,93,93,1),(94,94,94,1),(95,95,95,1),(96,96,96,1),(97,97,97,1),(98,98,98,1),(99,99,99,1),(100,100,100,1),(101,101,101,1),(102,102,102,1),(103,103,103,1),(104,104,104,1),(105,105,105,1),(106,106,106,1),(107,107,107,1),(108,108,108,1),(109,109,109,1),(110,110,110,1),(111,111,111,1),(112,112,112,1),(113,113,113,1),(114,114,114,1),(115,115,115,1),(116,116,116,1),(117,117,117,1),(118,118,118,1),(119,119,119,1),(120,120,120,1),(121,121,121,1),(122,122,122,1),(123,123,123,1),(124,124,124,1),(125,125,125,1),(126,126,126,1),(127,127,127,1),(128,128,128,1),(129,129,129,1),(130,130,130,1),(131,131,131,1),(132,132,132,1),(133,133,133,1),(134,134,134,1),(135,135,135,1),(136,136,136,1),(137,137,137,1),(138,138,138,1),(139,139,139,1),(140,140,140,1),(141,141,141,1),(142,142,142,1),(143,143,143,1),(144,144,144,1),(145,145,145,1),(146,146,146,1),(147,147,147,1),(148,148,148,1),(149,149,149,1),(150,150,150,1),(151,151,151,1),(152,152,152,1),(153,153,153,1),(154,154,154,1),(155,155,155,1),(156,156,156,1),(157,157,157,1),(158,158,158,1),(159,159,159,1),(160,160,160,1),(161,161,161,1),(162,162,162,1),(163,163,163,1),(164,164,164,1),(165,165,165,1),(166,166,166,1),(167,167,167,1),(168,168,168,1),(169,169,169,1),(170,170,170,1),(171,171,171,1),(172,172,172,1),(173,173,173,1),(174,174,174,1),(175,175,175,1),(176,176,176,1),(177,177,177,1),(178,178,178,1),(179,179,179,1),(180,180,180,1),(181,181,181,1),(182,182,182,1),(183,183,183,1),(184,184,184,1),(185,185,185,1),(186,186,186,1),(187,187,187,1),(188,188,188,1),(189,189,189,1),(190,190,190,1),(191,191,191,1),(192,192,192,1),(193,193,193,1),(194,194,194,1),(195,195,195,1),(196,196,196,1),(197,197,197,1),(198,198,198,1),(199,199,199,1),(200,200,200,1),(201,201,201,1),(202,202,202,1),(203,203,203,1),(204,204,204,1),(205,205,205,1),(206,206,206,1),(207,207,207,1),(208,208,208,1),(209,209,209,1),(210,210,210,1),(211,211,211,1),(212,212,212,1),(213,213,213,1),(214,214,214,1),(215,215,215,1),(216,216,216,1),(217,217,217,1),(218,218,218,1),(219,219,219,1),(220,220,220,1),(221,221,221,1),(222,222,222,1),(223,223,223,1),(224,224,224,1),(225,225,225,1),(226,226,226,1),(227,227,227,1),(228,228,228,1),(229,229,229,1),(230,230,230,1),(231,231,231,1),(232,232,232,1),(233,233,233,1),(234,234,234,1),(235,235,235,1),(236,236,236,1),(237,237,237,1),(238,238,238,1),(239,239,239,1),(240,240,240,1),(241,1,241,0),(242,2,242,0),(243,3,243,0),(244,4,244,0),(245,5,245,0),(246,6,246,0),(247,7,247,0),(248,8,248,0),(249,9,249,0),(250,10,250,0),(251,11,251,0),(252,12,252,0),(253,13,253,0),(254,14,254,0),(255,15,255,0),(256,16,256,0),(257,17,257,0),(258,18,258,0),(259,19,259,0),(260,20,260,0),(261,21,261,0),(262,22,262,0),(263,23,263,0),(264,24,264,0),(265,25,265,0),(266,26,266,0),(267,27,267,0),(268,28,268,0),(269,29,269,0),(270,30,270,0),(271,31,271,0),(272,32,272,0),(273,33,273,0),(274,34,274,0),(275,35,275,0),(276,36,276,0),(277,37,277,0),(278,38,278,0),(279,39,279,0),(280,40,280,0),(281,41,281,0),(282,42,282,0),(283,43,283,0),(284,44,284,0),(285,45,285,0),(286,46,286,0),(287,47,287,0),(288,48,288,0),(289,49,289,0),(290,50,290,0),(291,51,291,0),(292,52,292,0),(293,53,293,0),(294,54,294,0),(295,55,295,0),(296,56,296,0),(297,57,297,0),(298,58,298,0),(299,59,299,0),(300,60,300,0),(301,61,301,0),(302,62,302,0),(303,63,303,0),(304,64,304,0),(305,65,305,0),(306,66,306,0),(307,67,307,0),(308,68,308,0),(309,69,309,0),(310,70,310,0),(311,71,311,0),(312,72,312,0),(313,73,313,0),(314,74,314,0),(315,75,315,0),(316,76,316,0),(317,77,317,0),(318,78,318,0),(319,79,319,0),(320,80,320,0),(321,81,321,0),(322,82,322,0),(323,83,323,0),(324,84,324,0),(325,85,325,0),(326,86,326,0),(327,87,327,0),(328,88,328,0),(329,89,329,0),(330,90,330,0),(331,91,331,0),(332,92,332,0),(333,93,333,0),(334,94,334,0),(335,95,335,0),(336,96,336,0),(337,97,337,0),(338,98,338,0),(339,99,339,0),(340,100,340,0),(341,101,341,0),(342,102,342,0),(343,103,343,0),(344,104,344,0),(345,105,345,0),(346,106,346,0),(347,107,347,0),(348,108,348,0),(349,109,349,0),(350,110,350,0),(351,111,351,0),(352,112,352,0),(353,113,353,0),(354,114,354,0),(355,115,355,0),(356,116,356,0),(357,117,357,0),(358,118,358,0),(359,119,359,0),(360,120,360,0),(361,121,361,0),(362,122,362,0),(363,123,363,0),(364,124,364,0),(365,125,365,0),(366,126,366,0),(367,127,367,0),(368,128,368,0),(369,129,369,0),(370,130,370,0),(371,131,371,0),(372,132,372,0),(373,133,373,0),(374,134,374,0),(375,135,375,0),(376,136,376,0),(377,137,377,0),(378,138,378,0),(379,139,379,0),(380,140,380,0),(381,141,381,0),(382,142,382,0),(383,143,383,0),(384,144,384,0),(385,145,385,0),(386,146,386,0),(387,147,387,0),(388,148,388,0),(389,149,389,0),(390,150,390,0),(391,151,391,0),(392,152,392,0),(393,153,393,0),(394,154,394,0),(395,155,395,0),(396,156,396,0),(397,157,397,0),(398,158,398,0),(399,159,399,0),(400,160,400,0),(401,161,401,0),(402,162,402,0),(403,163,403,0),(404,164,404,0),(405,165,405,0),(406,166,406,0),(407,167,407,0),(408,168,408,0),(409,169,409,0),(410,170,410,0),(411,171,411,0),(412,172,412,0),(413,173,413,0),(414,174,414,0),(415,175,415,0),(416,176,416,0),(417,177,417,0),(418,178,418,0),(419,179,419,0),(420,180,420,0),(421,181,421,0),(422,182,422,0),(423,183,423,0),(424,184,424,0),(425,185,425,0),(426,186,426,0),(427,187,427,0),(428,188,428,0),(429,189,429,0),(430,190,430,0),(431,191,431,0),(432,192,432,0),(433,193,433,0),(434,194,434,0),(435,195,435,0),(436,196,436,0),(437,197,437,0),(438,198,438,0),(439,199,439,0),(440,200,440,0),(441,201,441,0),(442,202,442,0),(443,203,443,0),(444,204,444,0),(445,205,445,0),(446,206,446,0),(447,207,447,0),(448,208,448,0),(449,209,449,0),(450,210,450,0),(451,211,451,0),(452,212,452,0),(453,213,453,0),(454,214,454,0),(455,215,455,0),(456,216,456,0),(457,217,457,0),(458,218,458,0),(459,219,459,0),(460,220,460,0),(461,221,461,0),(462,222,462,0),(463,223,463,0),(464,224,464,0),(465,225,465,0),(466,226,466,0),(467,227,467,0),(468,228,468,0),(469,229,469,0),(470,230,470,0),(471,231,471,0),(472,232,472,0),(473,233,473,0),(474,234,474,0),(475,235,475,0),(476,236,476,0),(477,237,477,0),(478,238,478,0),(479,239,479,0),(480,240,480,0),(481,1,481,0),(482,2,482,0),(483,3,483,0),(484,4,484,0),(485,5,485,0),(486,6,486,0),(487,7,487,0),(488,8,488,0),(489,9,489,0),(490,10,490,0),(491,11,491,0),(492,12,492,0),(493,13,493,0),(494,14,494,0),(495,15,495,0),(496,16,496,0),(497,17,497,0),(498,18,498,0),(499,19,499,0),(500,20,500,0),(501,21,501,0),(502,22,502,0),(503,23,503,0),(504,24,504,0),(505,25,505,0),(506,26,506,0),(507,27,507,0),(508,28,508,0),(509,29,509,0),(510,30,510,0),(511,31,511,0),(512,32,512,0),(513,33,513,0),(514,34,514,0),(515,35,515,0),(516,36,516,0),(517,37,517,0),(518,38,518,0),(519,39,519,0),(520,40,520,0),(521,41,521,0),(522,42,522,0),(523,43,523,0),(524,44,524,0),(525,45,525,0),(526,46,526,0),(527,47,527,0),(528,48,528,0),(529,49,529,0),(530,50,530,0),(531,51,531,0),(532,52,532,0),(533,53,533,0),(534,54,534,0),(535,55,535,0),(536,56,536,0),(537,57,537,0),(538,58,538,0),(539,59,539,0),(540,60,540,0),(541,61,541,0),(542,62,542,0),(543,63,543,0),(544,64,544,0),(545,65,545,0),(546,66,546,0),(547,67,547,0),(548,68,548,0),(549,69,549,0),(550,70,550,0),(551,71,551,0),(552,72,552,0),(553,73,553,0),(554,74,554,0),(555,75,555,0),(556,76,556,0),(557,77,557,0),(558,78,558,0),(559,79,559,0),(560,80,560,0),(561,81,561,0),(562,82,562,0),(563,83,563,0),(564,84,564,0),(565,85,565,0),(566,86,566,0),(567,87,567,0),(568,88,568,0),(569,89,569,0),(570,90,570,0),(571,91,571,0),(572,92,572,0),(573,93,573,0),(574,94,574,0),(575,95,575,0),(576,96,576,0),(577,97,577,0),(578,98,578,0),(579,99,579,0),(580,100,580,0),(581,101,581,0),(582,102,582,0),(583,103,583,0),(584,104,584,0),(585,105,585,0),(586,106,586,0),(587,107,587,0),(588,108,588,0),(589,109,589,0),(590,110,590,0),(591,111,591,0),(592,112,592,0),(593,113,593,0),(594,114,594,0),(595,115,595,0),(596,116,596,0),(597,117,597,0),(598,118,598,0),(599,119,599,0),(600,120,600,0),(601,121,601,0),(602,122,602,0),(603,123,603,0),(604,124,604,0),(605,125,605,0),(606,126,606,0),(607,127,607,0),(608,128,608,0),(609,129,609,0),(610,130,610,0),(611,131,611,0),(612,132,612,0),(613,133,613,0),(614,134,614,0),(615,135,615,0),(616,136,616,0),(617,137,617,0),(618,138,618,0),(619,139,619,0),(620,140,620,0),(621,141,621,0),(622,142,622,0),(623,143,623,0),(624,144,624,0),(625,145,625,0),(626,146,626,0),(627,147,627,0),(628,148,628,0),(629,149,629,0),(630,150,630,0),(631,151,631,0),(632,152,632,0),(633,153,633,0),(634,154,634,0),(635,155,635,0),(636,156,636,0),(637,157,637,0),(638,158,638,0),(639,159,639,0),(640,160,640,0),(641,161,641,0),(642,162,642,0),(643,163,643,0),(644,164,644,0),(645,165,645,0),(646,166,646,0),(647,167,647,0),(648,168,648,0),(649,169,649,0),(650,170,650,0),(651,171,651,0),(652,172,652,0),(653,173,653,0),(654,174,654,0),(655,175,655,0),(656,176,656,0),(657,177,657,0),(658,178,658,0),(659,179,659,0),(660,180,660,0),(661,181,661,0),(662,182,662,0),(663,183,663,0),(664,184,664,0),(665,185,665,0),(666,186,666,0),(667,187,667,0),(668,188,668,0),(669,189,669,0),(670,190,670,0),(671,191,671,0),(672,192,672,0),(673,193,673,0),(674,194,674,0),(675,195,675,0),(676,196,676,0),(677,197,677,0),(678,198,678,0),(679,199,679,0),(680,200,680,0),(681,201,681,0),(682,202,682,0),(683,203,683,0),(684,204,684,0),(685,205,685,0),(686,206,686,0),(687,207,687,0),(688,208,688,0),(689,209,689,0),(690,210,690,0),(691,211,691,0),(692,212,692,0),(693,213,693,0),(694,214,694,0),(695,215,695,0),(696,216,696,0),(697,217,697,0),(698,218,698,0),(699,219,699,0),(700,220,700,0),(701,221,701,0),(702,222,702,0),(703,223,703,0),(704,224,704,0),(705,225,705,0),(706,226,706,0),(707,227,707,0),(708,228,708,0),(709,229,709,0),(710,230,710,0),(711,231,711,0),(712,232,712,0),(713,233,713,0),(714,234,714,0),(715,235,715,0),(716,236,716,0),(717,237,717,0),(718,238,718,0),(719,239,719,0),(720,240,720,0),(721,1,721,0),(722,2,722,0),(723,3,723,0),(724,4,724,0),(725,5,725,0),(726,6,726,0),(727,7,727,0),(728,8,728,0),(729,9,729,0),(730,10,730,0),(731,11,731,0),(732,12,732,0),(733,13,733,0),(734,14,734,0),(735,15,735,0),(736,16,736,0),(737,17,737,0),(738,18,738,0),(739,19,739,0),(740,20,740,0),(741,21,741,0),(742,22,742,0),(743,23,743,0),(744,24,744,0),(745,25,745,0),(746,26,746,0),(747,27,747,0),(748,28,748,0),(749,29,749,0),(750,30,750,0),(751,31,751,0),(752,32,752,0),(753,33,753,0),(754,34,754,0),(755,35,755,0),(756,36,756,0),(757,37,757,0),(758,38,758,0),(759,39,759,0),(760,40,760,0),(761,41,761,0),(762,42,762,0),(763,43,763,0),(764,44,764,0),(765,45,765,0),(766,46,766,0),(767,47,767,0),(768,48,768,0),(769,49,769,0),(770,50,770,0),(771,51,771,0),(772,52,772,0),(773,53,773,0),(774,54,774,0),(775,55,775,0),(776,56,776,0),(777,57,777,0),(778,58,778,0),(779,59,779,0),(780,60,780,0),(781,61,781,0),(782,62,782,0),(783,63,783,0),(784,64,784,0),(785,65,785,0),(786,66,786,0),(787,67,787,0),(788,68,788,0),(789,69,789,0),(790,70,790,0),(791,71,791,0),(792,72,792,0),(793,73,793,0),(794,74,794,0),(795,75,795,0),(796,76,796,0),(797,77,797,0),(798,78,798,0),(799,79,799,0),(800,80,800,0),(801,81,801,0),(802,82,802,0),(803,83,803,0),(804,84,804,0),(805,85,805,0),(806,86,806,0),(807,87,807,0),(808,88,808,0),(809,89,809,0),(810,90,810,0),(811,91,811,0),(812,92,812,0),(813,93,813,0),(814,94,814,0),(815,95,815,0),(816,96,816,0),(817,97,817,0),(818,98,818,0),(819,99,819,0),(820,100,820,0),(821,101,821,0),(822,102,822,0),(823,103,823,0),(824,104,824,0),(825,105,825,0),(826,106,826,0),(827,107,827,0),(828,108,828,0),(829,109,829,0),(830,110,830,0),(831,111,831,0),(832,112,832,0),(833,113,833,0),(834,114,834,0),(835,115,835,0),(836,116,836,0),(837,117,837,0),(838,118,838,0),(839,119,839,0),(840,120,840,0),(841,121,841,0),(842,122,842,0),(843,123,843,0),(844,124,844,0),(845,125,845,0),(846,126,846,0),(847,127,847,0),(848,128,848,0),(849,129,849,0),(850,130,850,0),(851,131,851,0),(852,132,852,0),(853,133,853,0),(854,134,854,0),(855,135,855,0),(856,136,856,0),(857,137,857,0),(858,138,858,0),(859,139,859,0),(860,140,860,0),(861,141,861,0),(862,142,862,0),(863,143,863,0),(864,144,864,0),(865,145,865,0),(866,146,866,0),(867,147,867,0),(868,148,868,0),(869,149,869,0),(870,150,870,0),(871,151,871,0),(872,152,872,0),(873,153,873,0),(874,154,874,0),(875,155,875,0),(876,156,876,0),(877,157,877,0),(878,158,878,0),(879,159,879,0),(880,160,880,0),(881,161,881,0),(882,162,882,0),(883,163,883,0),(884,164,884,0),(885,165,885,0),(886,166,886,0),(887,167,887,0),(888,168,888,0),(889,169,889,0),(890,170,890,0),(891,171,891,0),(892,172,892,0),(893,173,893,0),(894,174,894,0),(895,175,895,0),(896,176,896,0),(897,177,897,0),(898,178,898,0),(899,179,899,0),(900,180,900,0),(901,181,901,0),(902,182,902,0),(903,183,903,0),(904,184,904,0),(905,185,905,0),(906,186,906,0),(907,187,907,0),(908,188,908,0),(909,189,909,0),(910,190,910,0),(911,191,911,0),(912,192,912,0),(913,193,913,0),(914,194,914,0),(915,195,915,0),(916,196,916,0),(917,197,917,0),(918,198,918,0),(919,199,919,0),(920,200,920,0),(921,201,921,0),(922,202,922,0),(923,203,923,0),(924,204,924,0),(925,205,925,0),(926,206,926,0),(927,207,927,0),(928,208,928,0),(929,209,929,0),(930,210,930,0),(931,211,931,0),(932,212,932,0),(933,213,933,0),(934,214,934,0),(935,215,935,0),(936,216,936,0),(937,217,937,0),(938,218,938,0),(939,219,939,0),(940,220,940,0),(941,221,941,0),(942,222,942,0),(943,223,943,0),(944,224,944,0),(945,225,945,0),(946,226,946,0),(947,227,947,0),(948,228,948,0),(949,229,949,0),(950,230,950,0),(951,231,951,0),(952,232,952,0),(953,233,953,0),(954,234,954,0),(955,235,955,0),(956,236,956,0),(957,237,957,0),(958,238,958,0),(959,239,959,0),(960,240,960,0);
/*!40000 ALTER TABLE `preguntahasrespuesta` ENABLE KEYS */;
UNLOCK TABLES;

--
-- Table structure for table `respuesta`
--

DROP TABLE IF EXISTS `respuesta`;
/*!40101 SET @saved_cs_client     = @@character_set_client */;
/*!40101 SET character_set_client = utf8 */;
CREATE TABLE `respuesta` (
  `id_respuesta` int(11) NOT NULL AUTO_INCREMENT,
  `respuesta` varchar(128) NOT NULL,
  PRIMARY KEY (`id_respuesta`)
) ENGINE=InnoDB AUTO_INCREMENT=961 DEFAULT CHARSET=utf8mb4;
/*!40101 SET character_set_client = @saved_cs_client */;

--
-- Dumping data for table `respuesta`
--

LOCK TABLES `respuesta` WRITE;
/*!40000 ALTER TABLE `respuesta` DISABLE KEYS */;
INSERT INTO `respuesta` VALUES (1,'Población\r'),(2,'Muestra\r'),(3,'Continuo\r'),(4,'Media\r'),(5,'Supercomputadora\r'),(6,'Macrocomputadoras\r'),(7,'Analógicas\r'),(8,'Ejecutar simultáneamente varias aplicaciones\r'),(9,'Programas para editar textos\r'),(10,'Linux, iOs y Windows\r'),(11,'C, Java y PHP\r'),(12,'8 bits\r'),(13,'binario\r'),(14,'Código Americano Estándar para el Intercambio de Información\r'),(15,'En kilobytes, megabytes, gigabytes, terabytes, etc.\r'),(16,'Antimalware\r'),(17,'Gusano\r'),(18,'Digitales\r'),(19,'Procesador, disco duro y memoria\r'),(20,'Procesador, memoria, recepción\r'),(21,'Unidad aritmético - lógica, unidad de control\r'),(22,'Escáner, teclado, micrófono y webcam\r'),(23,'Un conjunto de programas llamados interface\r'),(24,'Medir la velocidad de un microprocesador\r'),(25,'Software libre\r'),(26,'El primero no es subrutina y el segundo sí lo es\r'),(27,'void promedioCalificaciones(float cal1, float cal2, float cal3);\r'),(28,' Parámetro por valor\r'),(29,'Imperativo y Programación Estructurada.\r'),(30,'Imperativo y Programación Orientada a Objetos.\r'),(31,'float promedio;\r'),(32,'Por su componente interno\r'),(33,'Por tarjeta perforada\r'),(34,'Incluir imágenes, gráficos, formas o figuras\r'),(35,'Virus\r'),(36,'Todas las mencionadas\r'),(37,'Celular\r'),(38,'Ser persistente\r'),(39,'Actúa como un circuito principal que conecta y comunica a todos los dispositivos y componentes conectados a ella\r'),(40,'Sistema de archivos, interpretación de comandos y núcleo\r'),(41,'Carlos Salinas de Gortari\r'),(42,'Tropósfora\r'),(43,'Valle\r'),(44,'Litósfera\r'),(45,'Templados\r'),(46,'Las aguas territoriales\r'),(47,'360\r'),(48,'Paralelos\r'),(49,'mapa hidrográfico\r'),(50,'Multiculturalidad\r'),(51,'Norteamerica\r'),(52,'Tropósfera\r'),(53,'Litorales\r'),(54,'Núcleo (interno y externo), manto (inferior y superior) y corteza terrestre.\r'),(55,'Bravo, Colorado y Usumacinta.\r'),(56,'Sismos\r'),(57,'Aves\r'),(58,'Plata, carbón y hierro.\r'),(59,'Crecimiento natural\r'),(60,'El mapa; la superficie real\r'),(61,'Estadística\r'),(62,'Guanajuato, Jalisco y Estado de México.\r'),(63,'biósfera\r'),(64,'Veracruz y Yucatán\r'),(65,'Cristianismo\r'),(66,'Popocatépetl y de Colima.\r'),(67,'Camarón y atún\r'),(68,'Gradiente geotérmico\r'),(69,'Tundra\r'),(70,'Relativa\r'),(71,'Marea\r'),(72,'Invierno\r'),(73,'0\r'),(74,'Corteza terrestre\r'),(75,'Del Golfo\r'),(76,'Alto\r'),(77,'Latitud\r'),(78,'Escala\r'),(79,'Nucleo externo\r'),(80,'Arenisca\r'),(81,'Ley Social o norma de conducta\r'),(82,'Normas jurídicas\r'),(83,'Bilateralidad\r'),(84,'Derecho Positivo\r'),(85,'Formal\r'),(86,'Constitución Política\r'),(87,'Territorio, población y gobierno\r'),(88,'Territorio\r'),(89,'Población\r'),(90,'Gobierno\r'),(91,'Ley\r'),(92,'Generales\r'),(93,'Tratado internacional\r'),(94,'Fuentes reales, formales e históricas\r'),(95,'Iniciativa, discusión, aprobación, sanción, promulgación, publicación, iniciación de la vigencia.\r'),(96,'Derecho Positivo\r'),(97,'La seguridad jurídica, el bien común y la justicia\r'),(98,'Los fines del derecho\r'),(99,'Privado\r'),(100,'Oralidad\r'),(101,'Alcaldías\r'),(102,'Dogmática y orgánica\r'),(103,'Derecho administrativo\r'),(104,'En los Estados Unidos Mexicanos\r'),(105,'La puede levantar cualquier persona\r'),(106,'Derecho Internacional Público\r'),(107,'Liberalismo económico\r'),(108,'Derecho Económico, Educativo Y Ecológico\r'),(109,'Asamblea general de ejidatarios\r'),(110,'Artículo 123 Apartado B\r'),(111,'Nocturna\r'),(112,'Artículo 4°\r'),(113,'Autonomía\r'),(114,'Público, privado y social\r'),(115,'Domicilio\r'),(116,'Juez del registro civil\r'),(117,'Donación\r'),(118,'Incorporación\r'),(119,'Letra de cambio\r'),(120,'Cheque\r'),(121,'La brevedad\r'),(122,'Exposición, nudo, climax, desenlace\r'),(123,'Narrador protagonista\r'),(124,'Los adjetivos\r'),(125,'Ambientales\r'),(126,'El orden de las acciones en la historia\r'),(127,'Julio Cortazar\r'),(128,'pérdida de valores\r'),(129,'la introducción de la improvisación\r'),(130,'innovación teatral\r'),(131,'Director-actores-escenógrafo-público\r'),(132,'innovación teatral\r'),(133,'Ambiente\r'),(134,'Físico\r'),(135,'Nezahualcoyotl\r'),(136,'quietud\r'),(137,'Narrador\r'),(138,'Las hazañas de algún héroe legendario\r'),(139,'Cantares\r'),(140,'Estética\r'),(141,'Crea y pone orden en la tierra\r'),(142,'Narrador\r'),(143,'Realiza las acciones de la historia\r'),(144,'Tiempo interno\r'),(145,'Ambiente físico\r'),(146,'Ambiente psicológico\r'),(147,'Falsedad\r'),(148,'Sepultura\r'),(149,'Explicaciones a un hecho\r'),(150,'Hechos reales y ficticios\r'),(151,'Grecia\r'),(152,'Rituales\r'),(153,'Vicente Huidobro\r'),(154,'Bram Stoker\r'),(155,'José Juan Tablada\r'),(156,'Efraín Huerta\r'),(157,'Ramón Gómez de la Serna\r'),(158,'Julio Cortazar\r'),(159,'Marco Teórico y Antecedentes\r'),(160,'Homero\r'),(161,'Ecosistema\r'),(162,'Reductor\r'),(163,'Bioelementos\r'),(164,'Compuestos\r'),(165,'Agua\r'),(166,'biósfera\r'),(167,'L. Pasteur\r'),(168,'Almidón\r'),(169,'Quitina\r'),(170,'Triglicéridos\r'),(171,'Fosfolípidos\r'),(172,'Proteínas\r'),(173,'Las enzimas\r'),(174,'Hemoglobina\r'),(175,'Participar en la síntesis de las proteínas\r'),(176,'Uracilo\r'),(177,'Hooke\r'),(178,'Schleiden y Schwann\r'),(179,'Mitocondrias\r'),(180,'Pared celular\r'),(181,'Membrana Celular\r'),(182,'Anafase\r'),(183,'Meiosis\r'),(184,'Haploides\r'),(185,'Esclerénquima\r'),(186,'Nervioso\r'),(187,'Cutánea\r'),(188,'Estomas\r'),(189,'Glóbulos rojos\r'),(190,'Xilema y floema\r'),(191,'Buche\r'),(192,'Vacuolas contráctiles\r'),(193,'Hormonas\r'),(194,'Producir hormonas directamente de la sangre\r'),(195,'Insulina\r'),(196,'Asexual\r'),(197,'21\r'),(198,'Oligosacáridos, polisacáridos y monosacáridos\r'),(199,'El ovario\r'),(200,'Ser la primera fuente de energía\r'),(201,'Olmeca\r'),(202,'300 d.C. - 950 d.C.\r'),(203,'Tolteca\r'),(204,'Gavrilo Princip\r'),(205,'Toxcatl\r'),(206,'Morelos\r'),(207,'José Vasoncelos\r'),(208,'Mao -Tse Tung\r'),(209,'1789\r'),(210,'Firma del tratado de Versalles\r'),(211,'Italia\r'),(212,'Guerra Fría\r'),(213,'Maya\r'),(214,'Plan de Iguala\r'),(215,'La expansión del imperio Turco-Otomano\r'),(216,'Operación tormenta del desierto\r'),(217,'Olmeca\r'),(218,'República restaurada\r'),(219,'Plan de Ayala\r'),(220,'476 d.C\r'),(221,'12 de septiembre de 1847\r'),(222,'En medio de América\r'),(223,'Batalla de Marne\r'),(224,'1917\r'),(225,'Proyecto Manhattan\r'),(226,'Guerra de Yom Kippur\r'),(227,'Acampichtli\r'),(228,'José de Iturrigaray\r'),(229,'Francisco González Bocanegra\r'),(230,'Paris\r'),(231,'Clases sociales\r'),(232,'Inglaterra\r'),(233,'Borbón\r'),(234,'Monarquía Parlamentaria\r'),(235,'La división de la iglesia católica\r'),(236,'Tlacopan, Texcoco y Tenochtitlan\r'),(237,'Manuel Tolsá\r'),(238,'Neoliberalismo\r'),(239,'Anarquismo y socialismo\r'),(240,'Nelson Mandela\r'),(241,'Muestra\r'),(242,'Moda\r'),(243,'Nominal\r'),(244,'Mediana\r'),(245,'Microcomputadora\r'),(246,'Microcomputadora\r'),(247,'Digitales\r'),(248,'Proveer una interface de sistema\r'),(249,'Programas que administra los recursos de la computadora\r'),(250,'Linux, hoja de cálculo y Windows\r'),(251,'C, C# y Windows\r'),(252,'6 bits\r'),(253,'decimal\r'),(254,'Código de Alta Secuencia en el Intercambio de Información\r'),(255,'Bits, bytes, palabras, nibble, etc.\r'),(256,'Detección\r'),(257,'Troyano\r'),(258,'Analógicas\r'),(259,'Memoria, procesador, Ram y Rom\r'),(260,'Memoria, procesador, tipo de señal\r'),(261,'Unidad lógica, unidad matemática\r'),(262,'Multifuncional, unidad de CD, tarjeta de red y módem\r'),(263,'Elementos físicos que componen un equipo de cómputo\r'),(264,'Medir la capacidad de almacenamiento\r'),(265,'Software de programación\r'),(266,'El primero es una subrutina y el segundo no lo es\r'),(267,'int promedioCalificaciones(void);\r'),(268,'Global\r'),(269,'Imperativo y Programación Orientada a Objetos.\r'),(270,'Imperativo y Programación Estructurada.\r'),(271,'int promedio;\r'),(272,'Por el tamaño de la memoria\r'),(273,'Por medio de cables conectados\r'),(274,'El tamaño de la letra, interlineado y márgenes\r'),(275,'Gusano\r'),(276,'Archivos\r'),(277,'Coputadora Personal\r'),(278,'Ser volátil\r'),(279,'Organiza y administra el hardware del equipo con un conjunto de programas\r'),(280,'Sistema informático, comandos y núcleo\r'),(281,'Enrique Peña Nieto\r'),(282,'Mesósfera\r'),(283,'Llanura\r'),(284,'Mesósfera\r'),(285,'Secos\r'),(286,'Las islas\r'),(287,'180\r'),(288,'Meridianos\r'),(289,'mapa edafológico\r'),(290,'Interculturalidad\r'),(291,'Cocos\r'),(292,'Mesósfera\r'),(293,'Bahías\r'),(294,'Atmósfera, biosfera, atmósfera y litosfera.\r'),(295,'Culiacán, Balsas y Lerma.\r'),(296,'Fallas\r'),(297,'Vacas\r'),(298,'Cobre, latón y acero.\r'),(299,'Sobrepoblación\r'),(300,'Realidad; la del mapa\r'),(301,'Documental\r'),(302,'Puebla, Veracruz y Tlaxcala.\r'),(303,'ionósfera\r'),(304,'Chihuahua y Coahuila.\r'),(305,'Hinduismo\r'),(306,'Iztaccíhuatl y Popocatépetl.\r'),(307,'Pulpo y ostra\r'),(308,'Gradiente térmico\r'),(309,'Estepa\r'),(310,'Absoluta\r'),(311,'Corrientes\r'),(312,'Verano\r'),(313,'45\r'),(314,'Manto superior\r'),(315,'De Labrador\r'),(316,'Medio \r'),(317,'Longitud\r'),(318,'Dimensión\r'),(319,'Nucleo interno\r'),(320,'Basalto\r'),(321,'Ley natural\r'),(322,'Normas religiosas\r'),(323,'Heteronomía\r'),(324,'Derecho Subjetivo\r'),(325,'Real\r'),(326,'Tratado Internacional\r'),(327,'Legislativo, ejecutivo y judicial\r'),(328,'Población\r'),(329,'Territorio\r'),(330,'Territorio\r'),(331,'Norma\r'),(332,'Legítimas\r'),(333,'Contrato\r'),(334,'Fuentes reales, formales y jurídicas\r'),(335,'Iniciativa, discusión, aprobación, promulgación, publicación, iniciación de la vigencia.\r'),(336,'Derecho Vigente\r'),(337,'La justicia, la vivienda digna y la riqueza\r'),(338,'Los procesos de creación del derecho\r'),(339,'Público\r'),(340,'Verbalidad\r'),(341,'Cabildos\r'),(342,'Teórica y práctica\r'),(343,'Derecho económico\r'),(344,'Las Entidades Federativas del norte\r'),(345,'La debe levantar el inculpado\r'),(346,'Derecho entre Naciones\r'),(347,'Economía mixta\r'),(348,'Derecho Civil, Constitucional Y Penal\r'),(349,'Comisariado ejidal\r'),(350,'Artículo 27 Constitucional\r'),(351,'Diurna\r'),(352,'Artículo 3°\r'),(353,'Libre examen\r'),(354,'Federal, estatal y municipal\r'),(355,'Patrimonio\r'),(356,'Juez de lo familiar\r'),(357,'Permuta\r'),(358,'Legitimación\r'),(359,'Cheque\r'),(360,'Letra de cambio\r'),(361,'El tiempo\r'),(362,'Exposición, climax, nudo, desenlace\r'),(363,'Narrador testigo\r'),(364,'Los guiones\r'),(365,'Incidentales\r'),(366,'La duración de la historia\r'),(367,'Pablo Neruda\r'),(368,'estructura teatral\r'),(369,'la aparición de personajes tipo\r'),(370,'mirada del autor\r'),(371,'Actores-público-texto-mensaje\r'),(372,'intención comunicativa\r'),(373,'Tiempo\r'),(374,'Temporal\r'),(375,'Cuauhtemoc\r'),(376,'alerta\r'),(377,'Autor\r'),(378,'Un acontecimiento histórico no relevante\r'),(379,'Apartados\r'),(380,'Persuasiva\r'),(381,'Provoca tensión en la tierra\r'),(382,'Personaje principal\r'),(383,'Organiza el tiempo de la historia\r'),(384,'Tiempo externo\r'),(385,'Tiempo externo\r'),(386,'Tiempo externo\r'),(387,'Fineza\r'),(388,'Pasillo\r'),(389,'Elementos reales y ficticios\r'),(390,'Explicaciones de un hecho\r'),(391,'Israel\r'),(392,'Entierros\r'),(393,'Carlos Fuentes\r'),(394,'Lord Byron\r'),(395,'Efraín Huerta\r'),(396,'Julio Cortazar\r'),(397,'José Juan Tablada\r'),(398,'Efraín Huerta\r'),(399,'Tésis\r'),(400,'Platón\r'),(401,'Biosfera\r'),(402,'Ácido\r'),(403,'Biomoléculas\r'),(404,'Mezclas\r'),(405,'Bióxido de carbono\r'),(406,'bioma\r'),(407,'J. Lamarck\r'),(408,'Glucógeno\r'),(409,'Almidón\r'),(410,'Fosfolípidos\r'),(411,'Esteroides\r'),(412,'Carbohidratos\r'),(413,'Las hormonas\r'),(414,'Insulina\r'),(415,'Desdoblamiento de carbohidratos\r'),(416,'Citosina\r'),(417,'Brown\r'),(418,'Mendel y Darwin\r'),(419,'Lisosomas\r'),(420,'Membrana celular\r'),(421,'Cloroplasto\r'),(422,'Profase\r'),(423,'Citocinesis\r'),(424,'Diploides\r'),(425,'Adiposo\r'),(426,'Sanguíneo\r'),(427,'Branquial\r'),(428,'Raíces\r'),(429,'Plaquetas\r'),(430,'Mesénquima y parénquima\r'),(431,'Cloaca\r'),(432,'Células flamígeras\r'),(433,'Antígenos\r'),(434,'Secretar saliva y sudor\r'),(435,'Glucagón\r'),(436,'Cigomórfica\r'),(437,'13\r'),(438,'Galactosa, sacarosa y celulosa\r'),(439,'El útero\r'),(440,'Actuar como molécula transportadora\r'),(441,'Azteca\r'),(442,'200 d.C. - 1000 d.C.\r'),(443,'Maya\r'),(444,'Salvador Sequí\r'),(445,'Tozoztontli\r'),(446,'Iturbide\r'),(447,'Vicente Rivapalacios\r'),(448,'Lao - Tse\r'),(449,'1787\r'),(450,'La paz armada\r'),(451,'Alemania\r'),(452,'Guerra del Golfo\r'),(453,'Zapoteca\r'),(454,'Plan de Ayutla\r'),(455,'El descubrimiento de América\r'),(456,'Operación Barbaroja\r'),(457,'Tolteca\r'),(458,'Guerra de Reforma\r'),(459,'Plan de San Luis\r'),(460,'395 d.C\r'),(461,'8 de septiembre de 1847\r'),(462,'Al norte de América\r'),(463,'Batalla de Verdún\r'),(464,'1915\r'),(465,'Proyecto Trinity\r'),(466,'Guerra de los seis días\r'),(467,'Ahuizotl \r'),(468,'Félix Berenguer de Marquina\r'),(469,'Guillermo Prieto\r'),(470,'Nueva York\r'),(471,'Modernos \r'),(472,'Francia\r'),(473,'Austria\r'),(474,'Monarquía absolutista\r'),(475,'La intervención del señor feudal en la iglesia\r'),(476,'Tenochtitlan, Tlacopan y Azcapotzalco\r'),(477,'Mariano de las Casas\r'),(478,'Desarrollo Establilizador\r'),(479,'Cristianismo y protestantismo\r'),(480,'Martin Luther King Jr.\r'),(481,'Datos\r'),(482,'Datos\r'),(483,'Ordinal\r'),(484,'Moda\r'),(485,'Minicomputadora\r'),(486,'Minicomputadora\r'),(487,'Híbridas\r'),(488,'Dar servicio a muchos usuarios\r'),(489,'El código de una aplicación\r'),(490,'Linux, Java y Windows\r'),(491,'C, C# y Linux\r'),(492,'12 bits\r'),(493,'físico\r'),(494,'Código de Intercambio Decimal Binario Extendido\r'),(495,'En códigos, unidades, información, sistemas, etc.\r'),(496,'Malware\r'),(497,'Malware\r'),(498,'Híbridas\r'),(499,'Disco duro, CD, monitor y mouse\r'),(500,'Cámara, display, procesador\r'),(501,'Unidad matemática, unidad física\r'),(502,'Impresora, audífonos, proyectores y monitor\r'),(503,'Elementos internos que componen una computadora\r'),(504,'Medir la velocidad de transferencia\r'),(505,'Software de aplicación\r'),(506,'El primero regresa un valor y el segundo no\r'),(507,'float promedioCalificaciones(int cal1, int cal2, int cal3);\r'),(508,'Local\r'),(509,'Imperativo y Programación funcional.\r'),(510,'Imperativo y Programación funcional.\r'),(511,'real promedio;\r'),(512,'Por la cantidad de almacenamiento\r'),(513,'Por medio de lenguaje de programación\r'),(514,'El formato en cómo lo guardes\r'),(515,'Troyano\r'),(516,'Disco duro\r'),(517,'Servidor\r'),(518,'Almacenar archivos personales\r'),(519,'Permiten la comunicación del usuario con la computadora\r'),(520,'Programa de archivos, comandos y aplicaciones\r'),(521,'Ernesto Zedillo Ponce de León\r'),(522,'Exósfera\r'),(523,'Cuenca \r'),(524,'Hidrósfera\r'),(525,'Fríos\r'),(526,'El espacio aéreo\r'),(527,'270\r'),(528,'Ecuador\r'),(529,'mapa topográfico\r'),(530,'Desarrollo\r'),(531,'Del Caribe\r'),(532,'Exósfera \r'),(533,'Mares\r'),(534,'Discontinuidad de Mohorovicic y Gutenberg.\r'),(535,'Nazas, Conchos y Fuerte.\r'),(536,'Dorsales\r'),(537,'Becerros\r'),(538,'Fósforo, manganeso y mercurio.\r'),(539,'Índice de natalidad\r'),(540,'Centímetros; en metros\r'),(541,'Gráfica\r'),(542,'Veracruz, Guerreo y Nayarit.\r'),(543,'globo vivo \r'),(544,'enínsula de Baja California y Chiapas.\r'),(545,'Budismo\r'),(546,'Pico de Orizaba y Xitle.\r'),(547,'Calamar y Atún\r'),(548,'Gradiente solar\r'),(549,'Sabana\r'),(550,'Rural\r'),(551,'Olas\r'),(552,'Primavera\r'),(553,'90\r'),(554,'Manto inferior\r'),(555,'De Bering\r'),(556,'Corto\r'),(557,'Amplitud\r'),(558,'Proyección\r'),(559,'Manto inferior\r'),(560,'Andesita\r'),(561,'Ley del Universo\r'),(562,'Normas Morales\r'),(563,'Unilateralidad\r'),(564,'Derecho Vigente\r'),(565,'Histórica\r'),(566,'Carta de la Organización de las Naciones Unidas\r'),(567,'Legislativo, gobierno y territorio\r'),(568,'Gobierno\r'),(569,'Gobierno\r'),(570,'Población\r'),(571,'Obligación\r'),(572,'Jerarquizadas\r'),(573,'Norma individualizada\r'),(574,'Fuentes reales, formales y morales\r'),(575,'Iniciativa, aprobación, sanción, publicación, promulgación, iniciación de la vigencia.\r'),(576,'Derecho Subjetivo\r'),(577,'La justicia, la seguridad moral y el bien común\r'),(578,'La moral jurídica\r'),(579,'General\r'),(580,'Justificación\r'),(581,'Municipios\r'),(582,'Orgánica y funcional\r'),(583,'Derecho de la seguridad social\r'),(584,'En lugares en donde se violen derechos\r'),(585,'La debe levantar la víctima\r'),(586,'Derecho Organizativo\r'),(587,'Proteccionismo económico\r'),(588,'Derecho Agrario, Mercantil, Administrativo\r'),(589,'Procuraduría agraria\r'),(590,'Artículo 49 Constitucional\r'),(591,'Mixta\r'),(592,'Artículo 5°\r'),(593,'Libertad de cátedra\r'),(594,'Ejecutivo, legislativo y judicial\r'),(595,'Nacionalidad\r'),(596,'Juez de lo civil\r'),(597,'Comodato\r'),(598,'Literalidad\r'),(599,'Pagaré\r'),(600,'Pagaré\r'),(601,'La descripción\r'),(602,'Exposición, desenlace, nudo, climax\r'),(603,'Narrador omnisciente\r'),(604,'Los verbos\r'),(605,'Principales\r'),(606,'Los pensamientos de los personajes\r'),(607,'Octavio Paz\r'),(608,'historia y su  aporte\r'),(609,'el orden de acontecimientos\r'),(610,'estructura del texto\r'),(611,'Escenario-escenografía-público- música\r'),(612,'mirada del autor\r'),(613,'Lugar \r'),(614,'Psicológico\r'),(615,'Cuitlauac\r'),(616,'comodidad\r'),(617,'Protagonista\r'),(618,'Un acontecimiento histórico importante\r'),(619,'Divisiones\r'),(620,'Informativa\r'),(621,'Es ínfimo y ayuda al hombre\r'),(622,'Personaje secundario\r'),(623,'Describe los espacios de la historia\r'),(624,'Ambiente físico\r'),(625,'Tiempo interno\r'),(626,'Tiempo interno\r'),(627,'Fracaso\r'),(628,'Bóveda\r'),(629,'Historias de ensueño\r'),(630,'Historias de ensueño\r'),(631,'Egipto\r'),(632,'Sepelios\r'),(633,'Mario Vargas Llosa\r'),(634,'Edgar Allan Poe\r'),(635,'Ramón Gómez de la Serna\r'),(636,'Ramón Gómez de la Serna\r'),(637,'Julio Cortazar\r'),(638,'José Juan Tablada\r'),(639,'Argumentos\r'),(640,'Aristóteles \r'),(641,'Célula\r'),(642,'Básico\r'),(643,'Biovariables\r'),(644,'Ligas\r'),(645,'Monóxido de Carbono\r'),(646,'población\r'),(647,'L. Spallanzani\r'),(648,'Colágeno\r'),(649,'Colágeno\r'),(650,'Prostaglandinas\r'),(651,'Triglicéridos\r'),(652,'Lípidos\r'),(653,'Las vitaminas\r'),(654,'Pepsina\r'),(655,'Participar en la síntesis de lípidos\r'),(656,'Timina\r'),(657,'Schleiden\r'),(658,'Hooke y Brown\r'),(659,'Ribosomas\r'),(660,'Lisosoma \r'),(661,'Pared Celular \r'),(662,'Metafase\r'),(663,'Mitosis\r'),(664,'Somáticas\r'),(665,'Parénquima\r'),(666,'Epitelial\r'),(667,'Traqueal\r'),(668,'Hojas\r'),(669,'Glóbulos blancos\r'),(670,'Colénquima y xilema\r'),(671,'Estómago\r'),(672,'Protonefridios\r'),(673,'Sueros\r'),(674,'Desechar sustancias tóxicas\r'),(675,'Cortisol\r'),(676,'Morfológica\r'),(677,'24\r'),(678,'Ribosa, Glucosa y almidón\r'),(679,'El oviducto\r'),(680,'Tener función como enzima\r'),(681,'Maya\r'),(682,'100 a.C. - 900 d.C.\r'),(683,'Teotihuacana\r'),(684,'Zivojin Rafjalovic\r'),(685,'teotleco\r'),(686,'Hidalgo\r'),(687,'Ramón Xirau\r'),(688,'Sun - Yat - Sen\r'),(689,'1788\r'),(690,'Rendición de Alemania\r'),(691,'España\r'),(692,'Guerra de los 100 años\r'),(693,'Olmeca\r'),(694,'Sentimientos de la Nación\r'),(695,'La colonización de las costas de África\r'),(696,'Desembarco de Normandía\r'),(697,'Azteca\r'),(698,'Maximato\r'),(699,'Plan de la Noria\r'),(700,'380 d.C\r'),(701,'23 de marzo de 1847\r'),(702,'Pasado de Ámerica\r'),(703,'Batalla de Azincourt\r'),(704,'1914\r'),(705,'Proyecto Petardo\r'),(706,'Guerra de Vietnam\r'),(707,'Hutlilihuitl\r'),(708,'Juan Ruiz de Apodaca\r'),(709,'Juan de Dios Peza\r'),(710,'Londres\r'),(711,'Sociedad postindustrial\r'),(712,'Alemania\r'),(713,'Tristámara\r'),(714,'República\r'),(715,'La unión de la iglesia de Roma y la de Constantinopla\r'),(716,'Tlacopan, Chalco y Tlatelolco\r'),(717,'José Zacarías Cora\r'),(718,'Sustitución de importaciones\r'),(719,'Positivismo y funcionalismo\r'),(720,'Frederik de Klerk\r'),(721,'Moda\r'),(722,'Población\r'),(723,'Discreto\r'),(724,'Varianza\r'),(725,'Macrocomputadora\r'),(726,'Supercomputadora\r'),(727,'Dual\r'),(728,'Ejecutar un solo programa a la vez\r'),(729,'Programas que permiten realizar diferentes actividades a la computadora\r'),(730,'Linux, Android y Word\r'),(731,'C, Word y Windows\r'),(732,'1 bit\r'),(733,'dinámico\r'),(734,'Código Alfanumérico de Secuencia en el intercambio de información\r'),(735,'En canciones, música, fotos, archivos, juegos, etc.\r'),(736,'Virus\r'),(737,'Virus\r'),(738,'Dual\r'),(739,'CPU, disco duro, monitor y DVD\r'),(740,'CPU, disco duro, monitor, DVD\r'),(741,'Unidad física, unidad de control\r'),(742,'Tarjeta de audio, lápiz electrónico, impresora y multifuncional\r'),(743,'Elementos externos que componen un equipo de cómputo\r'),(744,'Medir la velocidad de control\r'),(745,'Software de sistema\r'),(746,'El primero no regresa un valor y el segundo sí\r'),(747,'char promedioCalificaciones(void, void, void);\r'),(748,' Parámetro por referencia\r'),(749,'Imperativo y Programación Orientada a Eventos.\r'),(750,'Imperativo y Programación Orientada a Eventos.\r'),(751,'char promedio;\r'),(752,'Por la velocidad del procesamiento\r'),(753,'Por cinta magnética\r'),(754,'El sistema operativo de tu computadora\r'),(755,'Spyware\r'),(756,'Memoria RAM\r'),(757,'Internet\r'),(758,'Administrar el disco duro\r'),(759,'Permite el almacenamiento y recuperación de grandes cantidades de información\r'),(760,'Programa, componentes que comunican órdenes y aplicaciones\r'),(761,'Vicente Fox Quesada\r'),(762,'Termósfera\r'),(763,'Meseta\r'),(764,'Atmósfera\r'),(765,'Tropicales\r'),(766,'Las embajadas\r'),(767,'90\r'),(768,'Círculos polares\r'),(769,'mapa batimétrico\r'),(770,'Vulnerabilidad\r'),(771,'Del Pacífico\r'),(772,'Ozonósfera\r'),(773,'Golfos\r'),(774,'Corteza terrestre y masa oceánica.\r'),(775,'Bravo, Lerma y Fuerte.\r'),(776,'Pliegues\r'),(777,'Puercos\r'),(778,'Manganeso, mercurio y cobre.\r'),(779,'Índice de mortalidad\r'),(780,'centímetros; en decámetros\r'),(781,'Visual\r'),(782,'Coahuila, Sinaloa y Chihuahua.\r'),(783,'zona habitable\r'),(784,'Sonora y Sinaloa.\r'),(785,'Islamismo\r'),(786,'Xitle y Ajusco.\r'),(787,'Pulpo y camarón\r'),(788,'Gradiente altitudinal\r'),(789,'Desierto\r'),(790,'Urbana\r'),(791,'Eclipes\r'),(792,'Otoño\r'),(793,'180\r'),(794,'Nucleo\r'),(795,'De Benguela\r'),(796,'Largo\r'),(797,'Altitud\r'),(798,'Símbolos\r'),(799,'Manto superior\r'),(800,'Granito\r'),(801,'Ley de la Física\r'),(802,'Normas del Trato Social o convencionalismos\r'),(803,'Coercibilidad\r'),(804,'Derecho Objetivo\r'),(805,'General\r'),(806,'Ley Federal\r'),(807,'Judicial, territorio y gobierno\r'),(808,'Soberanía\r'),(809,'Soberanía\r'),(810,'Soberanía\r'),(811,'Regla\r'),(812,'Obligatorias\r'),(813,'Testamento\r'),(814,'Fuentes reales, formales y legales\r'),(815,'Iniciativa, sanción, promulgación, publicación, iniciación de la vigencia.\r'),(816,'Derecho Positivo\r'),(817,'La justicia, la seguridad legitima, la igualdad\r'),(818,'La ley\r'),(819,'Social\r'),(820,'Mediación\r'),(821,'Ayuntamientos\r'),(822,'Derechos y obligaciones\r'),(823,'Derecho fiscal\r'),(824,'En el norte y sur de la República Mexicana\r'),(825,'La tiene que levantar la autoridad\r'),(826,'Derecho Internacional Privado\r'),(827,'Intervencionismo de Estado\r'),(828,'Derecho Internacional, Constitucional Y Laboral\r'),(829,'Consejo de vigilancia\r'),(830,'Artículo 123 Apartado A\r'),(831,'Matutina\r'),(832,'Artículo 6°\r'),(833,'Discusión de las ideas\r'),(834,'Actividad primaria, secundaria y terciaria\r'),(835,'Capacidad\r'),(836,'Juez cívico\r'),(837,'Prenda\r'),(838,'Autonomía\r'),(839,'Recibo\r'),(840,'Recibo\r'),(841,'El narrador\r'),(842,'Exposición, nudo, desenlace, climax\r'),(843,'Narrador en segunda persona\r'),(844,'Los sutantivos\r'),(845,'Secundarios\r'),(846,'La época en la que se cuenta la historia\r'),(847,'Jorge Luis Borges\r'),(848,'decadencia histórica\r'),(849,'el escenario y sus personajes\r'),(850,'intención comunicativa\r'),(851,'Mensaje-texto-actor-público\r'),(852,'estructura del texto\r'),(853,'Propósito\r'),(854,'Sociológico\r'),(855,'Ixtlixóchitl\r'),(856,'movilidad\r'),(857,'Lector\r'),(858,'Las hazañas de algún héroe fantástico\r'),(859,'Capítulos\r'),(860,'Apelativa\r'),(861,'Martiriza siempre al hombre\r'),(862,'Escritor\r'),(863,'Describe las acciones de la historia\r'),(864,'Ambiente psicológico\r'),(865,'Ambiente psicológico\r'),(866,'Ambiente físico\r'),(867,'Fortuna\r'),(868,'Caverna\r'),(869,'Historias muy reales\r'),(870,'Historias muy reales\r'),(871,'Roma\r'),(872,'Nupcias\r'),(873,'Mario Benedetti\r'),(874,'Matthew Lewis\r'),(875,'Julio Cortazar\r'),(876,'José Juan Tablada\r'),(877,'Efraín Huerta\r'),(878,'Ramón Gómez de la Serna\r'),(879,'Introducción\r'),(880,'Epicuro\r'),(881,'Átomo\r'),(882,'Oxidante\r'),(883,'Biogases\r'),(884,'Isómeros\r'),(885,'Metano\r'),(886,'ecosistema\r'),(887,'Redi\r'),(888,'Celulosa\r'),(889,'Glucógeno\r'),(890,'Terpenos\r'),(891,'Esfingolípidos\r'),(892,'Vitaminas\r'),(893,'Los aminoácidos\r'),(894,'Tiroxina\r'),(895,'Desdoblamiento de carbohidratos\r'),(896,'Adenina\r'),(897,'Virchow\r'),(898,'Sutton y Morgan\r'),(899,'Vacuolas\r'),(900,'Mitocondria\r'),(901,'Lisosoma\r'),(902,'Interfase\r'),(903,'Amitosis\r'),(904,'Epiteliales\r'),(905,'Xilema\r'),(906,'Adiposo\r'),(907,'Alveolar\r'),(908,'Flores\r'),(909,'Linfocitos\r'),(910,'Mesénquima y Floema\r'),(911,'Molleja\r'),(912,'Nerfidios\r'),(913,'Globulinas\r'),(914,'Secretar enzimas\r'),(915,'Tirosina\r'),(916,'sexual\r'),(917,'15\r'),(918,'Monosacáridos simples y almidón\r'),(919,'La vagina\r'),(920,'Actuar como anticuerpo\r'),(921,'Mexica\r'),(922,'100 d.C. - 800 d.C.\r'),(923,'Mixteca\r'),(924,'Luigi Lucheni\r'),(925,'Izcalli\r'),(926,'Allende\r'),(927,'Jaime Torres Bodet\r'),(928,'Ho - Chi - Ming\r'),(929,'1790\r'),(930,'Entrada de Estados Unidos de Norteamérica a la guerra\r'),(931,'Rusia\r'),(932,'Guerra de Vietnam\r'),(933,'Tolteca\r'),(934,'Reformas borbónicas\r'),(935,'El descubrimiento de Indonesia\r'),(936,'Operación Leon Marino\r'),(937,'Zapoteca\r'),(938,'Romanticismo\r'),(939,'Plan de Guadalupe\r'),(940,'454 d.C\r'),(941,'22 de febrero de 1847\r'),(942,'Al sur de Ámerica\r'),(943,'Batalla de las Navas de Tolosa\r'),(944,'1916\r'),(945,'Proyecto Paz Duradera\r'),(946,'III cruzada\r'),(947,'Itzcoatl\r'),(948,'Antonio de Mendoza y Pacheco\r'),(949,'Xavier Villaurutia\r'),(950,'Madrid\r'),(951,'Sociedad Estamental\r'),(952,'Italia\r'),(953,'Qing\r'),(954,'Monarquía Feudal\r'),(955,'Movimiento reformista dentro de la iglesia\r'),(956,'Tlacopan, Texcoco y Cholula\r'),(957,'Martín de la Cruz\r'),(958,'Desarrollo compartido\r'),(959,'Estructuralismo y teoría crítica\r'),(960,'Rosa Parks');
/*!40000 ALTER TABLE `respuesta` ENABLE KEYS */;
UNLOCK TABLES;

--
-- Table structure for table `tema`
--

DROP TABLE IF EXISTS `tema`;
/*!40101 SET @saved_cs_client     = @@character_set_client */;
/*!40101 SET character_set_client = utf8 */;
CREATE TABLE `tema` (
  `id_tema` int(11) NOT NULL AUTO_INCREMENT,
  `tema` varchar(32) NOT NULL,
  PRIMARY KEY (`id_tema`)
) ENGINE=InnoDB AUTO_INCREMENT=8 DEFAULT CHARSET=utf8mb4;
/*!40101 SET character_set_client = @saved_cs_client */;

--
-- Dumping data for table `tema`
--

LOCK TABLES `tema` WRITE;
/*!40000 ALTER TABLE `tema` DISABLE KEYS */;
INSERT INTO `tema` VALUES (1,'Informática'),(2,'Geografía'),(3,'Derecho'),(4,'Literatura'),(5,'Biología'),(6,'Historia');
/*!40000 ALTER TABLE `tema` ENABLE KEYS */;
UNLOCK TABLES;
/*!40103 SET TIME_ZONE=@OLD_TIME_ZONE */;

/*!40101 SET SQL_MODE=@OLD_SQL_MODE */;
/*!40014 SET FOREIGN_KEY_CHECKS=@OLD_FOREIGN_KEY_CHECKS */;
/*!40014 SET UNIQUE_CHECKS=@OLD_UNIQUE_CHECKS */;
/*!40101 SET CHARACTER_SET_CLIENT=@OLD_CHARACTER_SET_CLIENT */;
/*!40101 SET CHARACTER_SET_RESULTS=@OLD_CHARACTER_SET_RESULTS */;
/*!40101 SET COLLATION_CONNECTION=@OLD_COLLATION_CONNECTION */;
/*!40111 SET SQL_NOTES=@OLD_SQL_NOTES */;

-- Dump completed on 2022-03-03  7:26:53
